"value","year","units","variable","scenario","model","ensemble"
287.783447265625,"2006","K","tas","rcp45","GFDL-ESM2M","r1i1p1"
287.935028076172,"2007","K","tas","rcp45","GFDL-ESM2M","r1i1p1"
287.592803955078,"2008","K","tas","rcp45","GFDL-ESM2M","r1i1p1"
287.799896240234,"2009","K","tas","rcp45","GFDL-ESM2M","r1i1p1"
287.7939453125,"2010","K","tas","rcp45","GFDL-ESM2M","r1i1p1"
287.916778564453,"2011","K","tas","rcp45","GFDL-ESM2M","r1i1p1"
287.828308105469,"2012","K","tas","rcp45","GFDL-ESM2M","r1i1p1"
287.87939453125,"2013","K","tas","rcp45","GFDL-ESM2M","r1i1p1"
287.9375,"2014","K","tas","rcp45","GFDL-ESM2M","r1i1p1"
287.882110595703,"2015","K","tas","rcp45","GFDL-ESM2M","r1i1p1"
288.031768798828,"2016","K","tas","rcp45","GFDL-ESM2M","r1i1p1"
288.099945068359,"2017","K","tas","rcp45","GFDL-ESM2M","r1i1p1"
287.934539794922,"2018","K","tas","rcp45","GFDL-ESM2M","r1i1p1"
287.940124511719,"2019","K","tas","rcp45","GFDL-ESM2M","r1i1p1"
288.080596923828,"2020","K","tas","rcp45","GFDL-ESM2M","r1i1p1"
288.052978515625,"2021","K","tas","rcp45","GFDL-ESM2M","r1i1p1"
287.955383300781,"2022","K","tas","rcp45","GFDL-ESM2M","r1i1p1"
287.913452148438,"2023","K","tas","rcp45","GFDL-ESM2M","r1i1p1"
288.05810546875,"2024","K","tas","rcp45","GFDL-ESM2M","r1i1p1"
288.172454833984,"2025","K","tas","rcp45","GFDL-ESM2M","r1i1p1"
288.145080566406,"2026","K","tas","rcp45","GFDL-ESM2M","r1i1p1"
287.915710449219,"2027","K","tas","rcp45","GFDL-ESM2M","r1i1p1"
288.233612060547,"2028","K","tas","rcp45","GFDL-ESM2M","r1i1p1"
288.112518310547,"2029","K","tas","rcp45","GFDL-ESM2M","r1i1p1"
288.271362304688,"2030","K","tas","rcp45","GFDL-ESM2M","r1i1p1"
288.313690185547,"2031","K","tas","rcp45","GFDL-ESM2M","r1i1p1"
288.177734375,"2032","K","tas","rcp45","GFDL-ESM2M","r1i1p1"
288.204162597656,"2033","K","tas","rcp45","GFDL-ESM2M","r1i1p1"
288.202178955078,"2034","K","tas","rcp45","GFDL-ESM2M","r1i1p1"
288.184783935547,"2035","K","tas","rcp45","GFDL-ESM2M","r1i1p1"
288.028656005859,"2036","K","tas","rcp45","GFDL-ESM2M","r1i1p1"
288.299591064453,"2037","K","tas","rcp45","GFDL-ESM2M","r1i1p1"
288.320068359375,"2038","K","tas","rcp45","GFDL-ESM2M","r1i1p1"
288.187377929688,"2039","K","tas","rcp45","GFDL-ESM2M","r1i1p1"
288.249359130859,"2040","K","tas","rcp45","GFDL-ESM2M","r1i1p1"
288.351379394531,"2041","K","tas","rcp45","GFDL-ESM2M","r1i1p1"
288.515991210938,"2042","K","tas","rcp45","GFDL-ESM2M","r1i1p1"
288.225219726562,"2043","K","tas","rcp45","GFDL-ESM2M","r1i1p1"
288.325134277344,"2044","K","tas","rcp45","GFDL-ESM2M","r1i1p1"
288.478637695312,"2045","K","tas","rcp45","GFDL-ESM2M","r1i1p1"
288.265167236328,"2046","K","tas","rcp45","GFDL-ESM2M","r1i1p1"
288.341217041016,"2047","K","tas","rcp45","GFDL-ESM2M","r1i1p1"
288.365509033203,"2048","K","tas","rcp45","GFDL-ESM2M","r1i1p1"
288.436401367188,"2049","K","tas","rcp45","GFDL-ESM2M","r1i1p1"
288.283142089844,"2050","K","tas","rcp45","GFDL-ESM2M","r1i1p1"
288.415710449219,"2051","K","tas","rcp45","GFDL-ESM2M","r1i1p1"
288.498352050781,"2052","K","tas","rcp45","GFDL-ESM2M","r1i1p1"
288.580444335938,"2053","K","tas","rcp45","GFDL-ESM2M","r1i1p1"
288.343170166016,"2054","K","tas","rcp45","GFDL-ESM2M","r1i1p1"
288.445556640625,"2055","K","tas","rcp45","GFDL-ESM2M","r1i1p1"
288.480743408203,"2056","K","tas","rcp45","GFDL-ESM2M","r1i1p1"
288.571594238281,"2057","K","tas","rcp45","GFDL-ESM2M","r1i1p1"
288.323303222656,"2058","K","tas","rcp45","GFDL-ESM2M","r1i1p1"
288.460357666016,"2059","K","tas","rcp45","GFDL-ESM2M","r1i1p1"
288.55078125,"2060","K","tas","rcp45","GFDL-ESM2M","r1i1p1"
288.617218017578,"2061","K","tas","rcp45","GFDL-ESM2M","r1i1p1"
288.61181640625,"2062","K","tas","rcp45","GFDL-ESM2M","r1i1p1"
288.605377197266,"2063","K","tas","rcp45","GFDL-ESM2M","r1i1p1"
288.660095214844,"2064","K","tas","rcp45","GFDL-ESM2M","r1i1p1"
288.702056884766,"2065","K","tas","rcp45","GFDL-ESM2M","r1i1p1"
288.692016601562,"2066","K","tas","rcp45","GFDL-ESM2M","r1i1p1"
288.692474365234,"2067","K","tas","rcp45","GFDL-ESM2M","r1i1p1"
288.564422607422,"2068","K","tas","rcp45","GFDL-ESM2M","r1i1p1"
288.623016357422,"2069","K","tas","rcp45","GFDL-ESM2M","r1i1p1"
288.688537597656,"2070","K","tas","rcp45","GFDL-ESM2M","r1i1p1"
288.660369873047,"2071","K","tas","rcp45","GFDL-ESM2M","r1i1p1"
288.579925537109,"2072","K","tas","rcp45","GFDL-ESM2M","r1i1p1"
288.939300537109,"2073","K","tas","rcp45","GFDL-ESM2M","r1i1p1"
288.74365234375,"2074","K","tas","rcp45","GFDL-ESM2M","r1i1p1"
288.668487548828,"2075","K","tas","rcp45","GFDL-ESM2M","r1i1p1"
288.856353759766,"2076","K","tas","rcp45","GFDL-ESM2M","r1i1p1"
288.659942626953,"2077","K","tas","rcp45","GFDL-ESM2M","r1i1p1"
288.781066894531,"2078","K","tas","rcp45","GFDL-ESM2M","r1i1p1"
288.817687988281,"2079","K","tas","rcp45","GFDL-ESM2M","r1i1p1"
288.849639892578,"2080","K","tas","rcp45","GFDL-ESM2M","r1i1p1"
288.671295166016,"2081","K","tas","rcp45","GFDL-ESM2M","r1i1p1"
288.636444091797,"2082","K","tas","rcp45","GFDL-ESM2M","r1i1p1"
288.763732910156,"2083","K","tas","rcp45","GFDL-ESM2M","r1i1p1"
288.577972412109,"2084","K","tas","rcp45","GFDL-ESM2M","r1i1p1"
288.575103759766,"2085","K","tas","rcp45","GFDL-ESM2M","r1i1p1"
288.7998046875,"2086","K","tas","rcp45","GFDL-ESM2M","r1i1p1"
288.554534912109,"2087","K","tas","rcp45","GFDL-ESM2M","r1i1p1"
288.716186523438,"2088","K","tas","rcp45","GFDL-ESM2M","r1i1p1"
288.758575439453,"2089","K","tas","rcp45","GFDL-ESM2M","r1i1p1"
288.615997314453,"2090","K","tas","rcp45","GFDL-ESM2M","r1i1p1"
288.66162109375,"2091","K","tas","rcp45","GFDL-ESM2M","r1i1p1"
288.899841308594,"2092","K","tas","rcp45","GFDL-ESM2M","r1i1p1"
288.640625,"2093","K","tas","rcp45","GFDL-ESM2M","r1i1p1"
288.6044921875,"2094","K","tas","rcp45","GFDL-ESM2M","r1i1p1"
288.633880615234,"2095","K","tas","rcp45","GFDL-ESM2M","r1i1p1"
288.840057373047,"2096","K","tas","rcp45","GFDL-ESM2M","r1i1p1"
288.489349365234,"2097","K","tas","rcp45","GFDL-ESM2M","r1i1p1"
288.574035644531,"2098","K","tas","rcp45","GFDL-ESM2M","r1i1p1"
288.730590820312,"2099","K","tas","rcp45","GFDL-ESM2M","r1i1p1"
288.540771484375,"2100","K","tas","rcp45","GFDL-ESM2M","r1i1p1"
288.580535888672,"2101","K","tas","rcp45","GFDL-ESM2M","r1i1p1"
288.642120361328,"2102","K","tas","rcp45","GFDL-ESM2M","r1i1p1"
288.726287841797,"2103","K","tas","rcp45","GFDL-ESM2M","r1i1p1"
288.891479492188,"2104","K","tas","rcp45","GFDL-ESM2M","r1i1p1"
288.844635009766,"2105","K","tas","rcp45","GFDL-ESM2M","r1i1p1"
288.779632568359,"2106","K","tas","rcp45","GFDL-ESM2M","r1i1p1"
288.906433105469,"2107","K","tas","rcp45","GFDL-ESM2M","r1i1p1"
288.908813476562,"2108","K","tas","rcp45","GFDL-ESM2M","r1i1p1"
288.743499755859,"2109","K","tas","rcp45","GFDL-ESM2M","r1i1p1"
288.828704833984,"2110","K","tas","rcp45","GFDL-ESM2M","r1i1p1"
288.796752929688,"2111","K","tas","rcp45","GFDL-ESM2M","r1i1p1"
288.815979003906,"2112","K","tas","rcp45","GFDL-ESM2M","r1i1p1"
288.777740478516,"2113","K","tas","rcp45","GFDL-ESM2M","r1i1p1"
288.920166015625,"2114","K","tas","rcp45","GFDL-ESM2M","r1i1p1"
288.949798583984,"2115","K","tas","rcp45","GFDL-ESM2M","r1i1p1"
289.073852539062,"2116","K","tas","rcp45","GFDL-ESM2M","r1i1p1"
288.669799804688,"2117","K","tas","rcp45","GFDL-ESM2M","r1i1p1"
288.864227294922,"2118","K","tas","rcp45","GFDL-ESM2M","r1i1p1"
288.739349365234,"2119","K","tas","rcp45","GFDL-ESM2M","r1i1p1"
288.859741210938,"2120","K","tas","rcp45","GFDL-ESM2M","r1i1p1"
289.080688476562,"2121","K","tas","rcp45","GFDL-ESM2M","r1i1p1"
288.796905517578,"2122","K","tas","rcp45","GFDL-ESM2M","r1i1p1"
288.778106689453,"2123","K","tas","rcp45","GFDL-ESM2M","r1i1p1"
288.886352539062,"2124","K","tas","rcp45","GFDL-ESM2M","r1i1p1"
288.923706054688,"2125","K","tas","rcp45","GFDL-ESM2M","r1i1p1"
289.086822509766,"2126","K","tas","rcp45","GFDL-ESM2M","r1i1p1"
288.823059082031,"2127","K","tas","rcp45","GFDL-ESM2M","r1i1p1"
288.933471679688,"2128","K","tas","rcp45","GFDL-ESM2M","r1i1p1"
288.814819335938,"2129","K","tas","rcp45","GFDL-ESM2M","r1i1p1"
288.889282226562,"2130","K","tas","rcp45","GFDL-ESM2M","r1i1p1"
288.9765625,"2131","K","tas","rcp45","GFDL-ESM2M","r1i1p1"
288.926483154297,"2132","K","tas","rcp45","GFDL-ESM2M","r1i1p1"
288.930511474609,"2133","K","tas","rcp45","GFDL-ESM2M","r1i1p1"
289.056274414062,"2134","K","tas","rcp45","GFDL-ESM2M","r1i1p1"
288.996612548828,"2135","K","tas","rcp45","GFDL-ESM2M","r1i1p1"
288.804626464844,"2136","K","tas","rcp45","GFDL-ESM2M","r1i1p1"
288.735504150391,"2137","K","tas","rcp45","GFDL-ESM2M","r1i1p1"
288.930236816406,"2138","K","tas","rcp45","GFDL-ESM2M","r1i1p1"
289.012359619141,"2139","K","tas","rcp45","GFDL-ESM2M","r1i1p1"
288.914184570312,"2140","K","tas","rcp45","GFDL-ESM2M","r1i1p1"
289.174255371094,"2141","K","tas","rcp45","GFDL-ESM2M","r1i1p1"
289.209899902344,"2142","K","tas","rcp45","GFDL-ESM2M","r1i1p1"
288.790069580078,"2143","K","tas","rcp45","GFDL-ESM2M","r1i1p1"
288.988891601562,"2144","K","tas","rcp45","GFDL-ESM2M","r1i1p1"
289.152191162109,"2145","K","tas","rcp45","GFDL-ESM2M","r1i1p1"
288.841217041016,"2146","K","tas","rcp45","GFDL-ESM2M","r1i1p1"
288.883026123047,"2147","K","tas","rcp45","GFDL-ESM2M","r1i1p1"
288.964630126953,"2148","K","tas","rcp45","GFDL-ESM2M","r1i1p1"
288.996978759766,"2149","K","tas","rcp45","GFDL-ESM2M","r1i1p1"
289.057006835938,"2150","K","tas","rcp45","GFDL-ESM2M","r1i1p1"
288.929382324219,"2151","K","tas","rcp45","GFDL-ESM2M","r1i1p1"
289.101470947266,"2152","K","tas","rcp45","GFDL-ESM2M","r1i1p1"
289.066101074219,"2153","K","tas","rcp45","GFDL-ESM2M","r1i1p1"
289.029205322266,"2154","K","tas","rcp45","GFDL-ESM2M","r1i1p1"
288.932434082031,"2155","K","tas","rcp45","GFDL-ESM2M","r1i1p1"
288.927764892578,"2156","K","tas","rcp45","GFDL-ESM2M","r1i1p1"
288.972381591797,"2157","K","tas","rcp45","GFDL-ESM2M","r1i1p1"
289.009918212891,"2158","K","tas","rcp45","GFDL-ESM2M","r1i1p1"
289.1220703125,"2159","K","tas","rcp45","GFDL-ESM2M","r1i1p1"
288.943115234375,"2160","K","tas","rcp45","GFDL-ESM2M","r1i1p1"
289.040985107422,"2161","K","tas","rcp45","GFDL-ESM2M","r1i1p1"
289.15576171875,"2162","K","tas","rcp45","GFDL-ESM2M","r1i1p1"
289.221893310547,"2163","K","tas","rcp45","GFDL-ESM2M","r1i1p1"
289.157470703125,"2164","K","tas","rcp45","GFDL-ESM2M","r1i1p1"
289.049468994141,"2165","K","tas","rcp45","GFDL-ESM2M","r1i1p1"
289.263610839844,"2166","K","tas","rcp45","GFDL-ESM2M","r1i1p1"
289.161682128906,"2167","K","tas","rcp45","GFDL-ESM2M","r1i1p1"
289.193206787109,"2168","K","tas","rcp45","GFDL-ESM2M","r1i1p1"
289.340545654297,"2169","K","tas","rcp45","GFDL-ESM2M","r1i1p1"
289.254852294922,"2170","K","tas","rcp45","GFDL-ESM2M","r1i1p1"
289.210601806641,"2171","K","tas","rcp45","GFDL-ESM2M","r1i1p1"
289.218444824219,"2172","K","tas","rcp45","GFDL-ESM2M","r1i1p1"
289.199432373047,"2173","K","tas","rcp45","GFDL-ESM2M","r1i1p1"
289.109924316406,"2174","K","tas","rcp45","GFDL-ESM2M","r1i1p1"
289.105651855469,"2175","K","tas","rcp45","GFDL-ESM2M","r1i1p1"
289.166839599609,"2176","K","tas","rcp45","GFDL-ESM2M","r1i1p1"
289.252502441406,"2177","K","tas","rcp45","GFDL-ESM2M","r1i1p1"
289.280181884766,"2178","K","tas","rcp45","GFDL-ESM2M","r1i1p1"
289.076202392578,"2179","K","tas","rcp45","GFDL-ESM2M","r1i1p1"
289.105072021484,"2180","K","tas","rcp45","GFDL-ESM2M","r1i1p1"
289.143859863281,"2181","K","tas","rcp45","GFDL-ESM2M","r1i1p1"
289.0791015625,"2182","K","tas","rcp45","GFDL-ESM2M","r1i1p1"
289.093078613281,"2183","K","tas","rcp45","GFDL-ESM2M","r1i1p1"
289.070709228516,"2184","K","tas","rcp45","GFDL-ESM2M","r1i1p1"
289.111633300781,"2185","K","tas","rcp45","GFDL-ESM2M","r1i1p1"
289.162567138672,"2186","K","tas","rcp45","GFDL-ESM2M","r1i1p1"
289.308776855469,"2187","K","tas","rcp45","GFDL-ESM2M","r1i1p1"
289.058624267578,"2188","K","tas","rcp45","GFDL-ESM2M","r1i1p1"
289.088439941406,"2189","K","tas","rcp45","GFDL-ESM2M","r1i1p1"
289.207489013672,"2190","K","tas","rcp45","GFDL-ESM2M","r1i1p1"
289.120452880859,"2191","K","tas","rcp45","GFDL-ESM2M","r1i1p1"
289.222686767578,"2192","K","tas","rcp45","GFDL-ESM2M","r1i1p1"
289.258422851562,"2193","K","tas","rcp45","GFDL-ESM2M","r1i1p1"
289.298858642578,"2194","K","tas","rcp45","GFDL-ESM2M","r1i1p1"
289.211883544922,"2195","K","tas","rcp45","GFDL-ESM2M","r1i1p1"
289.323760986328,"2196","K","tas","rcp45","GFDL-ESM2M","r1i1p1"
289.29443359375,"2197","K","tas","rcp45","GFDL-ESM2M","r1i1p1"
289.308258056641,"2198","K","tas","rcp45","GFDL-ESM2M","r1i1p1"
289.256439208984,"2199","K","tas","rcp45","GFDL-ESM2M","r1i1p1"
289.175140380859,"2200","K","tas","rcp45","GFDL-ESM2M","r1i1p1"
